-- MySQL dump 10.13  Distrib 5.5.24, for debian-linux-gnu (i686)
--
-- Host: localhost    Database: mbmenu_db
-- ------------------------------------------------------
-- Server version	5.5.24-3

/*!40101 SET @OLD_CHARACTER_SET_CLIENT=@@CHARACTER_SET_CLIENT */;
/*!40101 SET @OLD_CHARACTER_SET_RESULTS=@@CHARACTER_SET_RESULTS */;
/*!40101 SET @OLD_COLLATION_CONNECTION=@@COLLATION_CONNECTION */;
/*!40101 SET NAMES utf8 */;
/*!40103 SET @OLD_TIME_ZONE=@@TIME_ZONE */;
/*!40103 SET TIME_ZONE='+00:00' */;
/*!40014 SET @OLD_UNIQUE_CHECKS=@@UNIQUE_CHECKS, UNIQUE_CHECKS=0 */;
/*!40014 SET @OLD_FOREIGN_KEY_CHECKS=@@FOREIGN_KEY_CHECKS, FOREIGN_KEY_CHECKS=0 */;
/*!40101 SET @OLD_SQL_MODE=@@SQL_MODE, SQL_MODE='NO_AUTO_VALUE_ON_ZERO' */;
/*!40111 SET @OLD_SQL_NOTES=@@SQL_NOTES, SQL_NOTES=0 */;

--
-- Table structure for table `tbl_menu`
--

DROP TABLE IF EXISTS `tbl_menu`;
/*!40101 SET @saved_cs_client     = @@character_set_client */;
/*!40101 SET character_set_client = utf8 */;
CREATE TABLE `tbl_menu` (
  `menu_id` int(11) NOT NULL AUTO_INCREMENT,
  `parent_id` int(11) DEFAULT NULL,
  `label` varchar(128) NOT NULL,
  `url` varchar(128) DEFAULT NULL,
  PRIMARY KEY (`menu_id`)
) ENGINE=InnoDB AUTO_INCREMENT=16 DEFAULT CHARSET=latin1;
/*!40101 SET character_set_client = @saved_cs_client */;

--
-- Dumping data for table `tbl_menu`
--

LOCK TABLES `tbl_menu` WRITE;
/*!40000 ALTER TABLE `tbl_menu` DISABLE KEYS */;
INSERT INTO `tbl_menu` VALUES (1,NULL,'Menu 1',NULL),(2,NULL,'Menu 2',NULL),(3,NULL,'Menu 3',NULL),(4,1,'Menu 1 1',NULL),(5,1,'Menu 1 2',NULL),(6,1,'Menu 1 3',NULL),(7,2,'Menu 2 1',NULL),(8,2,'Menu 2 2',NULL),(9,3,'Menu 3 1',NULL),(10,5,'Menu 1 2 1',NULL),(11,5,'Menu 1 2 2',NULL),(12,5,'Menu 1 2 3',NULL),(13,NULL,'Logout','/site/logout'),(14,NULL,'Home','/site/index'),(15,NULL,'Login','/site/login');
/*!40000 ALTER TABLE `tbl_menu` ENABLE KEYS */;
UNLOCK TABLES;

--
-- Table structure for table `tbl_role`
--

DROP TABLE IF EXISTS `tbl_role`;
/*!40101 SET @saved_cs_client     = @@character_set_client */;
/*!40101 SET character_set_client = utf8 */;
CREATE TABLE `tbl_role` (
  `role_id` int(11) NOT NULL AUTO_INCREMENT,
  `role` varchar(45) NOT NULL,
  `deskripsi` varchar(100) DEFAULT NULL,
  PRIMARY KEY (`role_id`)
) ENGINE=InnoDB AUTO_INCREMENT=8 DEFAULT CHARSET=latin1;
/*!40101 SET character_set_client = @saved_cs_client */;

--
-- Dumping data for table `tbl_role`
--

LOCK TABLES `tbl_role` WRITE;
/*!40000 ALTER TABLE `tbl_role` DISABLE KEYS */;
INSERT INTO `tbl_role` VALUES (1,'admin',NULL),(2,'biasa',NULL),(3,'guest',NULL);
/*!40000 ALTER TABLE `tbl_role` ENABLE KEYS */;
UNLOCK TABLES;

--
-- Table structure for table `tbl_user_role`
--

DROP TABLE IF EXISTS `tbl_user_role`;
/*!40101 SET @saved_cs_client     = @@character_set_client */;
/*!40101 SET character_set_client = utf8 */;
CREATE TABLE `tbl_user_role` (
  `user_id` int(11) NOT NULL,
  `role_id` int(11) NOT NULL,
  PRIMARY KEY (`user_id`,`role_id`)
) ENGINE=InnoDB DEFAULT CHARSET=latin1;
/*!40101 SET character_set_client = @saved_cs_client */;

--
-- Dumping data for table `tbl_user_role`
--

LOCK TABLES `tbl_user_role` WRITE;
/*!40000 ALTER TABLE `tbl_user_role` DISABLE KEYS */;
INSERT INTO `tbl_user_role` VALUES (1,1),(2,2);
/*!40000 ALTER TABLE `tbl_user_role` ENABLE KEYS */;
UNLOCK TABLES;

--
-- Table structure for table `tbl_user`
--

DROP TABLE IF EXISTS `tbl_user`;
/*!40101 SET @saved_cs_client     = @@character_set_client */;
/*!40101 SET character_set_client = utf8 */;
CREATE TABLE `tbl_user` (
  `user_id` int(11) NOT NULL AUTO_INCREMENT,
  `username` varchar(128) NOT NULL,
  `password` varchar(128) NOT NULL,
  `email` varchar(128) NOT NULL,
  PRIMARY KEY (`user_id`)
) ENGINE=InnoDB AUTO_INCREMENT=22 DEFAULT CHARSET=latin1;
/*!40101 SET character_set_client = @saved_cs_client */;

--
-- Dumping data for table `tbl_user`
--

LOCK TABLES `tbl_user` WRITE;
/*!40000 ALTER TABLE `tbl_user` DISABLE KEYS */;
INSERT INTO `tbl_user` VALUES (1,'test1','pass1','test1@example.com'),(2,'test2','pass2','test2@example.com'),(3,'test3','pass3','test3@example.com'),(4,'test4','pass4','test4@example.com'),(5,'test5','pass5','test5@example.com'),(6,'test6','pass6','test6@example.com'),(7,'test7','pass7','test7@example.com'),(8,'test8','pass8','test8@example.com'),(9,'test9','pass9','test9@example.com'),(10,'test10','pass10','test10@example.com'),(11,'test11','pass11','test11@example.com'),(12,'test12','pass12','test12@example.com'),(13,'test13','pass13','test13@example.com'),(14,'test14','pass14','test14@example.com'),(15,'test15','pass15','test15@example.com'),(16,'test16','pass16','test16@example.com'),(17,'test17','pass17','test17@example.com'),(18,'test18','pass18','test18@example.com'),(19,'test19','pass19','test19@example.com'),(20,'test20','pass20','test20@example.com'),(21,'test21','pass21','test21@example.com');
/*!40000 ALTER TABLE `tbl_user` ENABLE KEYS */;
UNLOCK TABLES;

--
-- Table structure for table `tbl_role_menu`
--

DROP TABLE IF EXISTS `tbl_role_menu`;
/*!40101 SET @saved_cs_client     = @@character_set_client */;
/*!40101 SET character_set_client = utf8 */;
CREATE TABLE `tbl_role_menu` (
  `role_id` int(11) NOT NULL DEFAULT '0',
  `menu_id` int(11) NOT NULL DEFAULT '0',
  PRIMARY KEY (`role_id`,`menu_id`),
  UNIQUE KEY `tbl_user_menu_idx` (`menu_id`,`role_id`)
) ENGINE=InnoDB DEFAULT CHARSET=latin1;
/*!40101 SET character_set_client = @saved_cs_client */;

--
-- Dumping data for table `tbl_role_menu`
--

LOCK TABLES `tbl_role_menu` WRITE;
/*!40000 ALTER TABLE `tbl_role_menu` DISABLE KEYS */;
INSERT INTO `tbl_role_menu` VALUES (1,1),(1,2),(1,3),(1,4),(1,5),(1,6),(1,7),(1,8),(1,9),(1,10),(1,11),(1,12),(1,13),(2,4),(2,8),(2,9),(2,10),(2,11),(2,13),(3,14),(3,15);
/*!40000 ALTER TABLE `tbl_role_menu` ENABLE KEYS */;
UNLOCK TABLES;
/*!40103 SET TIME_ZONE=@OLD_TIME_ZONE */;

/*!40101 SET SQL_MODE=@OLD_SQL_MODE */;
/*!40014 SET FOREIGN_KEY_CHECKS=@OLD_FOREIGN_KEY_CHECKS */;
/*!40014 SET UNIQUE_CHECKS=@OLD_UNIQUE_CHECKS */;
/*!40101 SET CHARACTER_SET_CLIENT=@OLD_CHARACTER_SET_CLIENT */;
/*!40101 SET CHARACTER_SET_RESULTS=@OLD_CHARACTER_SET_RESULTS */;
/*!40101 SET COLLATION_CONNECTION=@OLD_COLLATION_CONNECTION */;
/*!40111 SET SQL_NOTES=@OLD_SQL_NOTES */;

-- Dump completed on 2012-08-15 16:33:37
