--
-- PostgreSQL database dump
--

-- Dumped from database version 9.1.4
-- Dumped by pg_dump version 9.1.4
-- Started on 2012-11-13 09:44:03

SET statement_timeout = 0;
SET client_encoding = 'UTF8';
SET standard_conforming_strings = on;
SET check_function_bodies = false;
SET client_min_messages = warning;

SET search_path = public, pg_catalog;

SET default_tablespace = '';

SET default_with_oids = false;

--
-- TOC entry 228 (class 1259 OID 18481)
-- Dependencies: 2079 5
-- Name: account; Type: TABLE; Schema: public; Owner: postgres; Tablespace: 
--

CREATE TABLE account (
    id_acc integer NOT NULL,
    cd_acc character varying(13) NOT NULL,
    nm_acc character varying(30) NOT NULL,
    acc_normal character varying(1) NOT NULL,
    parent integer,
    level smallint NOT NULL,
    create_date timestamp without time zone NOT NULL,
    update_by character varying(10) NOT NULL,
    create_by character varying(10) NOT NULL,
    update_date timestamp without time zone NOT NULL,
    balance double precision DEFAULT 0 NOT NULL
);


ALTER TABLE public.account OWNER TO postgres;

--
-- TOC entry 227 (class 1259 OID 18479)
-- Dependencies: 5 228
-- Name: account_id_acc_seq; Type: SEQUENCE; Schema: public; Owner: postgres
--

CREATE SEQUENCE account_id_acc_seq
    START WITH 1
    INCREMENT BY 1
    NO MINVALUE
    NO MAXVALUE
    CACHE 1;


ALTER TABLE public.account_id_acc_seq OWNER TO postgres;

--
-- TOC entry 2107 (class 0 OID 0)
-- Dependencies: 227
-- Name: account_id_acc_seq; Type: SEQUENCE OWNED BY; Schema: public; Owner: postgres
--

ALTER SEQUENCE account_id_acc_seq OWNED BY account.id_acc;


--
-- TOC entry 2108 (class 0 OID 0)
-- Dependencies: 227
-- Name: account_id_acc_seq; Type: SEQUENCE SET; Schema: public; Owner: postgres
--

SELECT pg_catalog.setval('account_id_acc_seq', 70, true);


--
-- TOC entry 236 (class 1259 OID 18570)
-- Dependencies: 5
-- Name: gl_detail; Type: TABLE; Schema: public; Owner: postgres; Tablespace: 
--

CREATE TABLE gl_detail (
    id_gldetail integer NOT NULL,
    id_glheader integer NOT NULL,
    id_acc integer NOT NULL,
    debet double precision NOT NULL,
    kredit double precision NOT NULL,
    create_date timestamp without time zone NOT NULL,
    update_by character varying(10) NOT NULL,
    create_by character varying(10) NOT NULL,
    update_date timestamp without time zone NOT NULL
);


ALTER TABLE public.gl_detail OWNER TO postgres;

--
-- TOC entry 235 (class 1259 OID 18568)
-- Dependencies: 236 5
-- Name: gl_detail_id_gldetail_seq; Type: SEQUENCE; Schema: public; Owner: postgres
--

CREATE SEQUENCE gl_detail_id_gldetail_seq
    START WITH 1
    INCREMENT BY 1
    NO MINVALUE
    NO MAXVALUE
    CACHE 1;


ALTER TABLE public.gl_detail_id_gldetail_seq OWNER TO postgres;

--
-- TOC entry 2109 (class 0 OID 0)
-- Dependencies: 235
-- Name: gl_detail_id_gldetail_seq; Type: SEQUENCE OWNED BY; Schema: public; Owner: postgres
--

ALTER SEQUENCE gl_detail_id_gldetail_seq OWNED BY gl_detail.id_gldetail;


--
-- TOC entry 2110 (class 0 OID 0)
-- Dependencies: 235
-- Name: gl_detail_id_gldetail_seq; Type: SEQUENCE SET; Schema: public; Owner: postgres
--

SELECT pg_catalog.setval('gl_detail_id_gldetail_seq', 30, true);


--
-- TOC entry 226 (class 1259 OID 18473)
-- Dependencies: 5
-- Name: gl_header; Type: TABLE; Schema: public; Owner: postgres; Tablespace: 
--

CREATE TABLE gl_header (
    id_glheader integer NOT NULL,
    id_branch integer NOT NULL,
    id_orgn integer NOT NULL,
    refnum character varying(13) NOT NULL,
    tgl_trans date NOT NULL,
    trans_type character varying(32) NOT NULL,
    description character varying(128) NOT NULL,
    update_date timestamp without time zone NOT NULL,
    create_date timestamp without time zone NOT NULL,
    create_by character varying(10) NOT NULL,
    update_by character varying(10) NOT NULL,
    cd_gl_header character varying(13)
);


ALTER TABLE public.gl_header OWNER TO postgres;

--
-- TOC entry 225 (class 1259 OID 18471)
-- Dependencies: 5 226
-- Name: gl_header_id_glheader_seq; Type: SEQUENCE; Schema: public; Owner: postgres
--

CREATE SEQUENCE gl_header_id_glheader_seq
    START WITH 1
    INCREMENT BY 1
    NO MINVALUE
    NO MAXVALUE
    CACHE 1;


ALTER TABLE public.gl_header_id_glheader_seq OWNER TO postgres;

--
-- TOC entry 2111 (class 0 OID 0)
-- Dependencies: 225
-- Name: gl_header_id_glheader_seq; Type: SEQUENCE OWNED BY; Schema: public; Owner: postgres
--

ALTER SEQUENCE gl_header_id_glheader_seq OWNED BY gl_header.id_glheader;


--
-- TOC entry 2112 (class 0 OID 0)
-- Dependencies: 225
-- Name: gl_header_id_glheader_seq; Type: SEQUENCE SET; Schema: public; Owner: postgres
--

SELECT pg_catalog.setval('gl_header_id_glheader_seq', 47, true);


--
-- TOC entry 230 (class 1259 OID 18490)
-- Dependencies: 5
-- Name: gl_periode; Type: TABLE; Schema: public; Owner: postgres; Tablespace: 
--

CREATE TABLE gl_periode (
    id_glperiode integer NOT NULL,
    bulan integer NOT NULL,
    tahun integer NOT NULL,
    id_branch integer NOT NULL,
    id_orgn integer NOT NULL,
    id_acc integer NOT NULL,
    saldo double precision NOT NULL,
    create_date timestamp without time zone NOT NULL,
    update_by character varying(10) NOT NULL,
    create_by character varying(10) NOT NULL,
    update_date timestamp without time zone NOT NULL
);


ALTER TABLE public.gl_periode OWNER TO postgres;

--
-- TOC entry 229 (class 1259 OID 18488)
-- Dependencies: 230 5
-- Name: gl_periode_id_glperiode_seq; Type: SEQUENCE; Schema: public; Owner: postgres
--

CREATE SEQUENCE gl_periode_id_glperiode_seq
    START WITH 1
    INCREMENT BY 1
    NO MINVALUE
    NO MAXVALUE
    CACHE 1;


ALTER TABLE public.gl_periode_id_glperiode_seq OWNER TO postgres;

--
-- TOC entry 2113 (class 0 OID 0)
-- Dependencies: 229
-- Name: gl_periode_id_glperiode_seq; Type: SEQUENCE OWNED BY; Schema: public; Owner: postgres
--

ALTER SEQUENCE gl_periode_id_glperiode_seq OWNED BY gl_periode.id_glperiode;


--
-- TOC entry 2114 (class 0 OID 0)
-- Dependencies: 229
-- Name: gl_periode_id_glperiode_seq; Type: SEQUENCE SET; Schema: public; Owner: postgres
--

SELECT pg_catalog.setval('gl_periode_id_glperiode_seq', 98, true);


--
-- TOC entry 234 (class 1259 OID 18530)
-- Dependencies: 5
-- Name: mapping_coa; Type: TABLE; Schema: public; Owner: postgres; Tablespace: 
--

CREATE TABLE mapping_coa (
    id_mappingcoa integer NOT NULL,
    trans_type character varying(20) NOT NULL,
    mappingname character varying(20) NOT NULL,
    id_acc integer NOT NULL,
    dk character varying(2),
    create_date timestamp without time zone,
    create_by character varying(10),
    update_by character varying(10),
    update_date timestamp without time zone
);


ALTER TABLE public.mapping_coa OWNER TO postgres;

--
-- TOC entry 233 (class 1259 OID 18528)
-- Dependencies: 234 5
-- Name: mapping_coa_id_mappingcoa_seq; Type: SEQUENCE; Schema: public; Owner: postgres
--

CREATE SEQUENCE mapping_coa_id_mappingcoa_seq
    START WITH 1
    INCREMENT BY 1
    NO MINVALUE
    NO MAXVALUE
    CACHE 1;


ALTER TABLE public.mapping_coa_id_mappingcoa_seq OWNER TO postgres;

--
-- TOC entry 2115 (class 0 OID 0)
-- Dependencies: 233
-- Name: mapping_coa_id_mappingcoa_seq; Type: SEQUENCE OWNED BY; Schema: public; Owner: postgres
--

ALTER SEQUENCE mapping_coa_id_mappingcoa_seq OWNED BY mapping_coa.id_mappingcoa;


--
-- TOC entry 2116 (class 0 OID 0)
-- Dependencies: 233
-- Name: mapping_coa_id_mappingcoa_seq; Type: SEQUENCE SET; Schema: public; Owner: postgres
--

SELECT pg_catalog.setval('mapping_coa_id_mappingcoa_seq', 11, true);


--
-- TOC entry 2080 (class 2604 OID 18484)
-- Dependencies: 228 227 228
-- Name: id_acc; Type: DEFAULT; Schema: public; Owner: postgres
--

ALTER TABLE ONLY account ALTER COLUMN id_acc SET DEFAULT nextval('account_id_acc_seq'::regclass);


--
-- TOC entry 2083 (class 2604 OID 18573)
-- Dependencies: 236 235 236
-- Name: id_gldetail; Type: DEFAULT; Schema: public; Owner: postgres
--

ALTER TABLE ONLY gl_detail ALTER COLUMN id_gldetail SET DEFAULT nextval('gl_detail_id_gldetail_seq'::regclass);


--
-- TOC entry 2078 (class 2604 OID 18476)
-- Dependencies: 225 226 226
-- Name: id_glheader; Type: DEFAULT; Schema: public; Owner: postgres
--

ALTER TABLE ONLY gl_header ALTER COLUMN id_glheader SET DEFAULT nextval('gl_header_id_glheader_seq'::regclass);


--
-- TOC entry 2081 (class 2604 OID 18493)
-- Dependencies: 230 229 230
-- Name: id_glperiode; Type: DEFAULT; Schema: public; Owner: postgres
--

ALTER TABLE ONLY gl_periode ALTER COLUMN id_glperiode SET DEFAULT nextval('gl_periode_id_glperiode_seq'::regclass);


--
-- TOC entry 2082 (class 2604 OID 18533)
-- Dependencies: 234 233 234
-- Name: id_mappingcoa; Type: DEFAULT; Schema: public; Owner: postgres
--

ALTER TABLE ONLY mapping_coa ALTER COLUMN id_mappingcoa SET DEFAULT nextval('mapping_coa_id_mappingcoa_seq'::regclass);


--
-- TOC entry 2101 (class 0 OID 18481)
-- Dependencies: 228
-- Data for Name: account; Type: TABLE DATA; Schema: public; Owner: postgres
--

COPY account (id_acc, cd_acc, nm_acc, acc_normal, parent, level, create_date, update_by, create_by, update_date, balance) FROM stdin;
61	1105.001	PERSEDIAAN BARANG DAGANGAN	K	16	4	2012-10-30 00:00:00	admin	admin	2012-10-30 00:00:00	0
62	1106.001	BIAYA DIBAYAR DIMUKA	K	47	4	2012-10-30 00:00:00	admin	admin	2012-10-30 00:00:00	0
63	2101.100	HUTANG DAGANG	K	13	4	2012-10-30 00:00:00	admin	admin	2012-10-30 00:00:00	0
64	5101.001	HARGA POKOK PENJUALAN	D	24	4	2012-10-30 00:00:00	admin	admin	2012-10-30 00:00:00	0
65	4101.002	DISKON PENJUALAN	D	18	4	2012-10-30 00:00:00	admin	admin	2012-10-30 00:00:00	0
25	2103	PAJAK KELUAR	K	12	3	2012-10-29 08:23:32.851	admin	admin	2012-10-29 08:23:32.851	0
66	2103.001	PPN KELUARAN	K	25	4	2012-10-30 00:00:00	admin	admin	2012-10-30 00:00:00	0
67	1101.001	KAS KECIL	D	9	4	2012-11-13 09:07:26.827	admin	admin	2012-11-13 09:07:26.827	0
68	1101.002	KAS	D	9	4	2012-11-13 09:09:25.496	admin	admin	2012-11-13 09:09:25.496	0
69	1107	PPN MASUKAN	D	45	3	2012-11-13 09:15:18.884	admin	admin	2012-11-13 09:15:18.884	0
70	1107.001	PPN MASUKAN	D	69	4	2012-11-13 09:15:48.867	admin	admin	2012-11-13 09:15:48.867	0
1	1	HARTA	D	\N	1	2012-10-03 08:39:39.32	admin	admin	2012-11-06 10:30:59.272	0
45	11	AKTIVA LANCAR	D	1	2	2012-10-03 08:39:39.32	admin	admin	2012-11-06 10:30:59.272	0
8	12	AKTIVA TETAP	D	1	2	2012-10-03 08:49:48.537	admin	admin	2012-10-03 08:49:48.537	0
47	1106	BIAYA DIBAYAR DIMUKA	K	45	3	2012-10-30 00:00:00	admin	admin	2012-10-30 00:00:00	0
11	1201	AKTIFA TETAP	D	8	3	2012-10-03 15:31:22.214	admin	admin	2012-10-03 15:33:19.179	0
2	2	HUTANG	K	\N	1	2012-10-03 08:40:11.652	admin	admin	2012-10-03 08:40:11.652	0
53	2105	HUTANG BIAYA	K	49	3	2012-10-30 00:00:00	admin	admin	2012-10-30 00:00:00	0
3	3	MODAL	K	\N	1	2012-10-03 08:42:09.626	admin	admin	2012-10-03 08:42:09.626	0
37	31	MODAL	K	3	2	2012-11-03 13:15:33.891	admin	admin	2012-11-03 13:15:33.891	0
48	1201.001	TANAH	K	11	4	2012-10-30 00:00:00	admin	admin	2012-10-30 00:00:00	0
49	21	HUTANG LANCAR	K	2	2	2012-10-30 00:00:00	admin	admin	2012-10-30 00:00:00	0
52	2201	UANG MUKA	K	49	3	2012-10-30 00:00:00	admin	admin	2012-10-30 00:00:00	0
56	4	PENDAPATAN	K	\N	1	2012-10-30 00:00:00	admin	admin	2012-10-30 00:00:00	0
57	41	PENJUALAN	K	56	2	2012-10-30 00:00:00	admin	admin	2012-10-30 00:00:00	0
18	4101	PENDAPATAN USAHA	D	4	2	2012-10-18 09:00:15.288	admin	admin	2012-10-18 09:00:15.288	0
5	5	HARGA POKOK PENJUALAN	D	\N	1	2012-10-03 08:43:40.873	admin	admin	2012-10-03 08:43:40.873	0
23	51	HARGA POKOK PENJUALAN	K	5	2	2012-10-18 09:14:39.717	admin	admin	2012-10-18 09:14:39.717	0
24	5101	HARGA POKOK PENJUALAN	K	23	3	2012-10-18 09:15:02.509	admin	admin	2012-10-18 09:15:02.509	0
6	6	BIAYA	D	\N	1	2012-10-03 08:44:08.872	admin	admin	2012-10-03 08:44:08.872	0
26	61	BIAYA USAHA	K	6	2	2012-10-30 15:07:56.009	admin	admin	2012-10-30 15:07:56.009	0
58	6101	BIAYA USAHA	K	26	3	2012-10-30 00:00:00	admin	admin	2012-10-30 00:00:00	0
9	1101	KAS	D	45	3	2012-10-03 08:54:38.74	admin	admin	2012-10-03 15:21:14.007	0
10	1102	BANK	D	45	3	2012-10-03 15:26:38.881	admin	admin	2012-10-03 15:32:26.084	0
17	1103	PIUTANG DAGANG	D	45	3	2012-10-16 16:59:56.919	admin	admin	2012-10-16 16:59:56.919	0
54	1102.001	BANK BCA	K	10	4	2012-10-30 00:00:00	admin	admin	2012-10-30 00:00:00	0
38	3101.001	MODAL SAHAM	K	37	4	2012-11-03 13:15:56.664	admin	admin	2012-11-03 13:15:56.664	0
39	3101.002	LABA DITAHAN	K	37	4	2012-11-03 13:16:15.722	admin	admin	2012-11-03 13:16:15.722	0
19	4101.001	PENJUALAN	D	18	4	2012-10-18 09:01:04.936	admin	admin	2012-10-18 09:01:04.936	0
27	6101.001	BIAYA LISTRIK	K	26	4	2012-10-30 15:08:23.109	admin	admin	2012-10-30 15:08:23.109	0
30	6101.002	BIAYA MAKAN	K	26	4	2012-10-30 15:10:50.617	admin	admin	2012-10-30 15:10:50.617	0
31	6101.003	BIAYA SERVICE	K	26	4	2012-10-30 15:11:44.876	admin	admin	2012-10-30 15:11:44.876	0
32	6101.004	BIAYA DISKON	K	26	4	2012-10-30 15:12:02.778	admin	admin	2012-10-30 15:12:02.778	0
33	6101.005	BIAYA BENGKEL	K	26	4	2012-10-30 15:12:21.854	admin	admin	2012-10-30 15:12:21.854	0
34	6101.006	BIAYA KUE	K	26	4	2012-10-30 15:12:44.169	admin	admin	2012-10-30 15:12:44.169	0
35	6101.007	BIAYA CALO	K	26	4	2012-10-30 15:13:02.217	admin	admin	2012-10-30 15:13:02.217	0
28	6101.008	BIAYA GAJI	K	26	4	2012-10-30 15:09:06.094	admin	admin	2012-10-30 15:09:06.094	0
29	6101.009	BIAYA JALAN	K	26	4	2012-10-30 15:09:26.948	admin	admin	2012-10-30 15:09:26.948	0
16	1105	PERSEDIAAN BARANG DAGANGAN	D	45	2	2012-10-15 15:16:26.746	admin	admin	2012-10-15 15:16:26.746	0
13	2101	HUTANG DAGANG\r\n	K	49	3	2012-10-03 15:36:37.204	admin	admin	2012-10-03 15:36:37.204	0
59	1103.001	PIUTANG USAHA	K	17	4	2012-10-30 00:00:00	admin	admin	2012-10-30 00:00:00	0
46	1104	UANG MUKA PEMBELIAN	K	45	3	2012-10-30 00:00:00	admin	admin	2012-10-30 00:00:00	0
60	1104.001	UANG MUKA PEMBELIAN	K	46	4	2012-10-30 00:00:00	admin	admin	2012-10-30 00:00:00	0
\.


--
-- TOC entry 2104 (class 0 OID 18570)
-- Dependencies: 236
-- Data for Name: gl_detail; Type: TABLE DATA; Schema: public; Owner: postgres
--

COPY gl_detail (id_gldetail, id_glheader, id_acc, debet, kredit, create_date, update_by, create_by, update_date) FROM stdin;
29	19	13	100000	0	2012-10-15 15:46:57.034	admin	admin	2012-10-15 15:46:57.034
30	19	16	0	100000	2012-10-15 15:46:57.034	admin	admin	2012-10-15 15:46:57.034
16	13	54	10000000	0	2012-11-13 09:05:51.698	admin	admin	2012-11-13 09:05:51.698
17	13	63	0	10000000	2012-11-13 09:05:51.698	admin	admin	2012-11-13 09:05:51.698
18	14	54	2000000	0	2012-11-13 09:06:26.689	admin	admin	2012-11-13 09:06:26.689
19	14	63	0	2000000	2012-11-13 09:06:26.689	admin	admin	2012-11-13 09:06:26.689
20	15	29	200000	0	2012-11-13 09:12:08.173	admin	admin	2012-11-13 09:12:08.173
21	15	67	0	200000	2012-11-13 09:12:08.173	admin	admin	2012-11-13 09:12:08.173
22	16	63	7500000	0	2012-11-13 09:13:17.297	admin	admin	2012-11-13 09:13:17.297
23	16	68	0	7500000	2012-11-13 09:13:17.297	admin	admin	2012-11-13 09:13:17.297
24	17	61	6000000	0	2012-11-13 09:17:59.595	admin	admin	2012-11-13 09:17:59.595
25	17	70	600000	0	2012-11-13 09:17:59.595	admin	admin	2012-11-13 09:17:59.595
26	17	68	0	6600000	2012-11-13 09:17:59.595	admin	admin	2012-11-13 09:17:59.595
\.


--
-- TOC entry 2100 (class 0 OID 18473)
-- Dependencies: 226
-- Data for Name: gl_header; Type: TABLE DATA; Schema: public; Owner: postgres
--

COPY gl_header (id_glheader, id_branch, id_orgn, refnum, tgl_trans, trans_type, description, update_date, create_date, create_by, update_by, cd_gl_header) FROM stdin;
13	1	2	F002	2012-10-02	PEMBELIAN	Membeli 5 HP merk B Kredit	2012-11-13 09:05:51.698	2012-10-15 15:19:43.617	admin	admin	13
14	1	2	F003	2012-10-03	PEMBELIAN	Membeli 20 pulsa C Kredit	2012-11-13 09:06:26.689	2012-10-15 15:21:20.598	admin	admin	14
15	1	2	-	2012-10-04	BIAYA	Biaya angkut pembelian HP 	2012-11-13 09:12:08.173	2012-10-15 15:22:50.408	admin	admin	15
16	1	2	-	2012-10-05	HUTANG	Melunasi utang dan Dapat Potongan	2012-11-13 09:13:17.297	2012-10-15 15:24:58.394	admin	admin	16
17	1	2	-	2012-10-06	PEMBELIAN	Membeli tunai 15 HP bekas merek D dari toko HP lain	2012-11-13 09:17:59.595	2012-10-15 15:42:29.346	admin	admin	17
19	1	2	-	2012-10-07	PENGURANGAN	Meminta pengurangan harga Rp100.000	2012-10-15 15:46:57.034	2012-10-15 15:46:57.034	admin	admin	19
\.


--
-- TOC entry 2102 (class 0 OID 18490)
-- Dependencies: 230
-- Data for Name: gl_periode; Type: TABLE DATA; Schema: public; Owner: postgres
--

COPY gl_periode (id_glperiode, bulan, tahun, id_branch, id_orgn, id_acc, saldo, create_date, update_by, create_by, update_date) FROM stdin;
\.


--
-- TOC entry 2103 (class 0 OID 18530)
-- Dependencies: 234
-- Data for Name: mapping_coa; Type: TABLE DATA; Schema: public; Owner: postgres
--

COPY mapping_coa (id_mappingcoa, trans_type, mappingname, id_acc, dk, create_date, create_by, update_by, update_date) FROM stdin;
3	PENJUALAN	PENJUALAN	19	K	2012-10-20 15:50:00.987	admin	admin	2012-10-20 15:50:00.987
2	PENJUALAN	PIUTANG	59	D	2012-10-20 15:50:00.987	admin	admin	2012-11-12 18:11:37.529
4	PENJUALAN	HPP	64	D	2012-10-20 15:50:00.987	admin	admin	2012-11-12 18:12:01.2
9	PEMBELIAN	HUTANG	63	K	2012-10-20 15:50:00.987	admin	admin	2012-11-12 18:33:02.301
5	PENJUALAN	PERSEDIAAN	61	K	2012-10-20 15:50:00.987	admin	admin	2012-11-12 18:33:57.637
6	PEMBELIAN	PERSEDIAAN	61	D	2012-10-20 15:50:00.987	admin	admin	2012-11-12 18:34:13.869
10	PENJUALAN	DISKONJUAL	65	D	2012-10-29 08:14:40.097	admin	admin	2012-11-12 18:38:39.21
11	PENJUALAN	PPNJUAL	66	K	2012-10-29 08:25:22.253	admin	admin	2012-11-12 18:41:07.992
\.


--
-- TOC entry 2088 (class 2606 OID 18486)
-- Dependencies: 228 228
-- Name: cd_account; Type: CONSTRAINT; Schema: public; Owner: postgres; Tablespace: 
--

ALTER TABLE ONLY account
    ADD CONSTRAINT cd_account PRIMARY KEY (id_acc);


--
-- TOC entry 2090 (class 2606 OID 18589)
-- Dependencies: 230 230 230 230 230 230
-- Name: gl_periode_bulan_tahun_id_branch_id_orgn_id_acc_key; Type: CONSTRAINT; Schema: public; Owner: postgres; Tablespace: 
--

ALTER TABLE ONLY gl_periode
    ADD CONSTRAINT gl_periode_bulan_tahun_id_branch_id_orgn_id_acc_key UNIQUE (bulan, tahun, id_branch, id_orgn, id_acc);


--
-- TOC entry 2092 (class 2606 OID 18495)
-- Dependencies: 230 230
-- Name: gl_periode_pk; Type: CONSTRAINT; Schema: public; Owner: postgres; Tablespace: 
--

ALTER TABLE ONLY gl_periode
    ADD CONSTRAINT gl_periode_pk PRIMARY KEY (id_glperiode);


--
-- TOC entry 2096 (class 2606 OID 18575)
-- Dependencies: 236 236
-- Name: id_gldetail; Type: CONSTRAINT; Schema: public; Owner: postgres; Tablespace: 
--

ALTER TABLE ONLY gl_detail
    ADD CONSTRAINT id_gldetail PRIMARY KEY (id_gldetail);


--
-- TOC entry 2085 (class 2606 OID 18478)
-- Dependencies: 226 226
-- Name: id_glheader; Type: CONSTRAINT; Schema: public; Owner: postgres; Tablespace: 
--

ALTER TABLE ONLY gl_header
    ADD CONSTRAINT id_glheader PRIMARY KEY (id_glheader);


--
-- TOC entry 2094 (class 2606 OID 18535)
-- Dependencies: 234 234
-- Name: id_mapping_coa; Type: CONSTRAINT; Schema: public; Owner: postgres; Tablespace: 
--

ALTER TABLE ONLY mapping_coa
    ADD CONSTRAINT id_mapping_coa PRIMARY KEY (id_mappingcoa);


--
-- TOC entry 2086 (class 1259 OID 18487)
-- Dependencies: 228
-- Name: acc_uncode; Type: INDEX; Schema: public; Owner: postgres; Tablespace: 
--

CREATE UNIQUE INDEX acc_uncode ON account USING btree (cd_acc);


--
-- TOC entry 2099 (class 2606 OID 18581)
-- Dependencies: 236 2087 228
-- Name: acc_acc_detail_fk; Type: FK CONSTRAINT; Schema: public; Owner: postgres
--

ALTER TABLE ONLY gl_detail
    ADD CONSTRAINT acc_acc_detail_fk FOREIGN KEY (id_acc) REFERENCES account(id_acc);


--
-- TOC entry 2098 (class 2606 OID 18576)
-- Dependencies: 236 2084 226
-- Name: acc_header_acc_detail_fk; Type: FK CONSTRAINT; Schema: public; Owner: postgres
--

ALTER TABLE ONLY gl_detail
    ADD CONSTRAINT acc_header_acc_detail_fk FOREIGN KEY (id_glheader) REFERENCES gl_header(id_glheader);


--
-- TOC entry 2097 (class 2606 OID 18514)
-- Dependencies: 230 228 2087
-- Name: account_saldo_periode_fk; Type: FK CONSTRAINT; Schema: public; Owner: postgres
--

ALTER TABLE ONLY gl_periode
    ADD CONSTRAINT account_saldo_periode_fk FOREIGN KEY (id_acc) REFERENCES account(id_acc);


-- Completed on 2012-11-13 09:44:04

--
-- PostgreSQL database dump complete
--

